,Train,Val,Test
loss,"[0.5610319972038269, 0.48543357849121094]","[0.6549561023712158, 0.629003643989563]","[0.6022482514381409, 0.5858005881309509]"
accuracy,"[0.7250766754150391, 0.7703220844268799]","[0.5, 0.5625]","[0.6698718070983887, 0.6907051205635071]"
precision,"[0.7517013549804688, 0.7700222134590149]","[0.5, 0.5384615659713745]","[0.6602787375450134, 0.6800731420516968]"
recall,"[0.940645158290863, 0.9850322604179382]","[0.875, 0.875]","[0.971794843673706, 0.9538461565971375]"
F1,"[0.8356258273124695, 0.8643568754196167]","[0.6363636255264282, 0.6666666865348816]","[0.7863069772720337, 0.7940235137939453]"
AUC ROC,"[0.5214038491249084, 0.5674601793289185]","[0.5, 0.5625]","[0.5692307949066162, 0.6029914617538452]"
AUC PRC,"[0.06514756381511688, 0.05568230152130127]","[0.5, 0.5336538553237915]","[-2.577463150024414, -2.504020929336548]"
